{
    "RadiometricLamps": {
        "OOLS1CAL": {
            "range": [3.5e-07, 1.05e-06],
            "warm_time": 1800.0,
            "intensity": {
                "SN": [[3.0000000000000004e-07, 10277.0], [3.1e-07, 9517.9], [3.2e-07, 11451.0], [3.3e-07, 12497.0], [3.4000000000000003e-07, 23706.0], [3.5000000000000004e-07, 26319.0], [3.6000000000000005e-07, 43083.0], [3.7e-07, 59833.0], [3.8e-07, 78400.0], [3.9e-07, 104670.0], [4.0000000000000003e-07, 130840.0], [4.2e-07, 199170.00000000003], [4.4e-07, 291880.0], [4.6000000000000004e-07, 409630.0], [4.800000000000001e-07, 543480.0], [5.000000000000001e-07, 686150.0], [5.250000000000001e-07, 878830.0], [5.5e-07, 1073700.0], [5.75e-07, 1286500.0], [6.000000000000001e-07, 1535500.0], [6.5e-07, 2109000.0], [7.000000000000001e-07, 2714000.0], [7.5e-07, 3427500.0], [8.000000000000001e-07, 5032600.0], [8.5e-07, 7003200.000000001], [9.000000000000001e-07, 9524300.0], [9.5e-07, 12905000.0], [1.0000000000000002e-06, 17211000.0], [1.0500000000000001e-06, 22489000.0]]
            }
        }
    },
    "PhotoDiodes": {
        "Newport818UV": {
            "uncertainty": [
                [2.19e-07, 0.04],
                [3.49e-07, 0.02],
                [9.49e-07, 0.01],
                [1.1e-06, 0.04]
            ],
            "uniformity": 0.02,
            "area": 0.0001,
            "material": "UV Enhanced Si",
            "linearity": 0.005,
            "max_pulse": [[1.1e-06, 5e-10]],
            "range": [2e-07, 1.1e-06],
            "max_power": [
                [4e-07, 0.0003],
                [6e-07, 0.0001],
                [1.05e-06, 7e-05],
                [1.1e-06, 0.0001]
            ],
            "responsivity": {
                "SN12187": [[2.0000000000000002e-07, 71268000.0], [2.1e-07, 69882000.0], [2.2e-07, 76205000.0], [2.3000000000000002e-07, 91128000.0], [2.4000000000000003e-07, 108590000.0], [2.5000000000000004e-07, 115480000.0], [2.6e-07, 118880000.0], [2.7e-07, 115120000.0], [2.8e-07, 116540000.0], [2.9000000000000003e-07, 122940000.0], [3.0000000000000004e-07, 130429999.99999999], [3.1e-07, 132300000.0], [3.2e-07, 130920000.00000001], [3.3e-07, 128950000.00000001], [3.4000000000000003e-07, 127360000.0], [3.5000000000000004e-07, 125080000.0], [3.6000000000000005e-07, 120530000.0], [3.7e-07, 122020000.0], [3.8e-07, 135850000.0], [3.9e-07, 149970000.0], [4.0000000000000003e-07, 162640000.0], [4.1000000000000004e-07, 174170000.0], [4.2e-07, 186410000.0], [4.3e-07, 197980000.0], [4.4e-07, 209730000.0], [4.5000000000000003e-07, 221330000.0], [4.6000000000000004e-07, 233060000.0], [4.7000000000000005e-07, 244820000.0], [4.800000000000001e-07, 257130000.00000003], [4.900000000000001e-07, 269150000.0], [5.000000000000001e-07, 281010000.0], [5.1e-07, 292820000.0], [5.2e-07, 304640000.0], [5.3e-07, 316630000.0], [5.4e-07, 328380000.0], [5.5e-07, 339900000.0], [5.6e-07, 351220000.0], [5.7e-07, 362440000.0], [5.800000000000001e-07, 373160000.0], [5.900000000000001e-07, 383760000.0], [6.000000000000001e-07, 394470000.0], [6.100000000000001e-07, 404930000.0], [6.2e-07, 414250000.0], [6.3e-07, 424010000.0], [6.4e-07, 433070000.0], [6.5e-07, 442150000.0], [6.6e-07, 451150000.0], [6.7e-07, 459650000.0], [6.800000000000001e-07, 467810000.0], [6.900000000000001e-07, 475560000.0], [7.000000000000001e-07, 483160000.0], [7.100000000000001e-07, 490660000.0], [7.200000000000001e-07, 497830000.0], [7.3e-07, 504310000.00000006], [7.4e-07, 511020000.0], [7.5e-07, 517159999.99999994], [7.6e-07, 522920000.00000006], [7.7e-07, 528810000.0], [7.8e-07, 534340000.00000006], [7.900000000000001e-07, 539360000.0], [8.000000000000001e-07, 545030000.0], [8.100000000000001e-07, 548660000.0], [8.200000000000001e-07, 552510000.0], [8.300000000000001e-07, 556190000.0], [8.4e-07, 559560000.0], [8.5e-07, 562160000.0], [8.6e-07, 564120000.0], [8.7e-07, 566150000.0], [8.8e-07, 567320000.0], [8.900000000000001e-07, 567640000.0], [9.000000000000001e-07, 567160000.0], [9.100000000000001e-07, 565250000.0], [9.200000000000001e-07, 563280000.0], [9.300000000000001e-07, 561060000.0], [9.400000000000001e-07, 557570000.0], [9.5e-07, 550050000.0], [9.600000000000001e-07, 543400000.0], [9.7e-07, 532610000.0], [9.800000000000001e-07, 519170000.0], [9.9e-07, 507100000.0], [1.0000000000000002e-06, 495220000.0], [1.01e-06, 479690000.0], [1.02e-06, 461310000.0], [1.03e-06, 439100000.0], [1.04e-06, 408120000.0], [1.0500000000000001e-06, 372890000.0], [1.06e-06, 331210000.0], [1.0700000000000001e-06, 293990000.0], [1.08e-06, 269800000.0], [1.0900000000000002e-06, 233950000.0], [1.1e-06, 203680000.0]]
            }
        },
        "Newport818IR": {
            "uncertainty": [
                [9.1e-07, 0.05],
                [1.7e-06, 0.02],
                [1.8e-06, 0.04]
            ],
            "uniformity": 200.0,
            "area": 7.1e-06,
            "material": "Germanium",
            "linearity": 0.005,
            "max_pulse": [[1.8e-06, 5e-09]],
            "range": [7.8e-07, 1.8e-06],
            "max_power": [[1.8e-06, 0.005]],