{
    "SR7230": {
        "description": {
            "use": "lockin_amplifier",
            "manufacturer": "Ametek"
        },
        "sensitivities": [
            [1e-8, 1e-14, -1],
            [2e-8, 2e-14, -1],
            [5e-8, 5e-14, -1],
            [1e-7, 1e-13, -1],
            [2e-7, 2e-13, 2e-15],
            [5e-7, 5e-13, 5e-15],
            [1e-6, 1e-12, 1e-14],
            [2e-6, 2e-12, 2e-14],
            [5e-6, 5e-12, 5e-14],
            [1e-5, 1e-11, 1e-13],
            [2e-5, 2e-11, 2e-13],
            [5e-5, 5e-11, 5e-13],
            [1e-4, 1e-10, 1e-12],
            [2e-4, 2e-10, 2e-12],
            [5e-4, 5e-10, 5e-12],
            [1e-3, 1e-9, 1e-11],
            [2e-3, 2e-9, 2e-11],
            [5e-3, 5e-9, 5e-11],
            [1e-2, 1e-8, 1e-10],
            [2e-2, 2e-8, 2e-10],
            [5e-2, 5e-8, 5e-10],
            [1e-1, 1e-7, 1e-9],
            [2e-1, 2e-7, 2e-9],
            [5e-1, 5e-7, 5e-9],
            [1e0, 1e-6, 1e-8]
        ],
        "acgains": [
             0,  6, 12, 18, 24, 30, 36, 42,
            48, 54, 60, 66, 72, 78, 84, 90
        ],
        "time_constants": [
            1e-5, 2e-5, 5e-5,
            1e-4, 2e-4, 5e-4,
            1e-3, 2e-3, 5e-3,
            1e-2, 2e-2, 5e-2,
            1e-1, 2e-1, 5e-1,
            1e0, 2e0, 5e0,
            1e1, 2e1, 5e1,
            1e2, 2e2, 5e2,
            1e3, 2e3, 5e3,
            1e4, 2e4, 5e4,
            1e5
        ],
        "slope_enbw": [0.25, 0.16675, 0.1375, 0.11975],
        "slope_wait": [2., 4., 6., 8.],
        "slopes": [6, 12, 18, 24]
    }
}
